,mix_id,bandwidth,malicious,unselected,layer0,layer1,layer2
0,0,7.222983840621532,False,0.329,0.312,0.0,0.359
1,1,12.99495957855063,False,0.341,0.329,0.0,0.33
2,2,2.290532881897464,False,0.0,0.0,1.0,0.0
3,3,27.475737665430604,False,0.351,0.342,0.0,0.307
4,4,6.307483769780659,False,0.331,0.354,0.0,0.315
5,5,6.657052422554515,False,0.315,0.351,0.0,0.334
6,6,6.928901550879272,False,0.322,0.306,0.0,0.372
7,7,3.2235882923402825,False,0.313,0.347,0.0,0.34
8,8,15.160917700728795,False,0.329,0.358,0.0,0.313
9,9,8.85216557772823,False,0.338,0.337,0.0,0.325
10,10,0.5387593496234153,False,0.354,0.319,0.0,0.327
11,11,1.3608381733895494,False,0.324,0.352,0.0,0.324
12,12,8.665212500897265,False,0.333,0.318,0.0,0.349
13,13,3.2764987158085663,False,0.317,0.331,0.0,0.352
14,14,25.41910765216961,False,0.344,0.36,0.0,0.296
15,15,21.94056134492644,False,0.345,0.306,0.0,0.349
16,16,1.9197653236923973,False,0.325,0.333,0.0,0.342
17,17,10.862117738311412,False,0.32,0.364,0.0,0.316
18,18,0.0838740429849113,False,0.339,0.334,0.0,0.327
19,19,0.0893253822484195,False,0.338,0.335,0.0,0.327
20,20,11.38880840249868,False,0.344,0.33,0.0,0.326
21,21,6.023053028819617,False,0.35,0.314,0.0,0.336
22,22,8.741528699180984,False,0.323,0.34,0.0,0.337
23,23,7.176543829821795,False,0.328,0.325,0.0,0.347
24,24,23.50657446422732,False,0.351,0.319,0.0,0.33
25,25,0.3143266094918713,False,0.345,0.325,0.0,0.33
26,26,34.23776541885047,False,0.337,0.337,0.0,0.326
27,27,5.67274083994676,False,0.345,0.313,0.0,0.342
28,28,9.814402331270497,False,0.339,0.327,0.0,0.334
29,29,13.170307805453872,False,0.33,0.327,0.0,0.343
30,30,12.557068468618962,False,0.348,0.338,0.0,0.314
31,31,0.0879598211306067,False,0.341,0.345,0.0,0.314
32,32,0.955780102015627,False,0.0,0.0,1.0,0.0
33,33,1.9370167181767808,False,0.337,0.325,0.0,0.338
34,34,1.288079001994806,False,0.352,0.315,0.0,0.333
35,35,26.5504624578652,False,0.31,0.309,0.0,0.381
36,36,3.6007512530150185,False,0.349,0.313,0.0,0.338
37,37,3.366730204460028,False,0.307,0.35,0.0,0.343
38,38,31.920568058554963,False,0.0,0.0,1.0,0.0
39,39,12.971634235996682,False,0.339,0.318,0.0,0.343
40,40,0.3265718338119953,False,0.363,0.323,0.0,0.314
41,41,0.217864479105697,False,0.34,0.333,0.0,0.327
42,42,20.430784458454426,False,0.345,0.332,0.0,0.323
43,43,6.91864138133942,False,0.348,0.34,0.0,0.312
44,44,5.930846855383085,False,0.346,0.341,0.0,0.313
45,45,1.3804897480535747,False,0.342,0.344,0.0,0.314
46,46,0.00958687114735,False,0.306,0.361,0.0,0.333
47,47,0.1329325119137382,False,0.342,0.341,0.0,0.317
48,48,7.759660246133861,False,0.318,0.355,0.0,0.327
49,49,0.2793450003174594,False,0.326,0.337,0.0,0.337
50,50,8.161581425684348,False,0.309,0.335,0.0,0.356
51,51,4.342795108664408,False,0.313,0.33,0.0,0.357
52,52,0.8587638635499052,False,0.307,0.334,0.0,0.359
53,53,37.47004998403759,False,0.0,0.0,1.0,0.0
54,54,0.0227918061569197,False,0.349,0.346,0.0,0.305
55,55,7.932677377941161,False,0.313,0.351,0.0,0.336
56,56,11.14858535654003,False,0.346,0.312,0.0,0.342
57,57,30.17996887956908,False,0.337,0.341,0.0,0.322
58,58,0.3813028211266771,False,0.331,0.349,0.0,0.32
59,59,94.71126009940475,False,0.0,0.0,1.0,0.0
60,60,0.7987480284864709,False,0.342,0.346,0.0,0.312
61,61,1.6179515512481009,False,0.358,0.336,0.0,0.306
62,62,1.264402736043084,False,0.0,0.0,1.0,0.0
63,63,6.635158713912974,False,0.327,0.327,0.0,0.346
64,64,31.435559910492543,False,0.324,0.337,0.0,0.339
65,65,3.1634735148191373,False,0.349,0.315,0.0,0.336
66,66,0.4562868005229911,False,0.349,0.347,0.0,0.304
67,67,25.3168529824582,False,0.0,0.0,1.0,0.0
68,68,3.9157126944261527,False,0.318,0.333,0.0,0.349
69,69,6.770693549544401,False,0.323,0.332,0.0,0.345
70,70,3.361818667947304,False,0.358,0.318,0.0,0.324
71,71,0.6111449104971354,False,0.336,0.337,0.0,0.327
72,72,2.7018299850616474,False,0.336,0.32,0.0,0.344
73,73,1.339083221836006,False,0.355,0.299,0.0,0.346
74,74,77.1456502908185,False,0.0,0.0,1.0,0.0
75,75,2.802672560202001,False,0.36,0.321,0.0,0.319
76,76,24.68825893105349,False,0.0,0.0,1.0,0.0
77,77,48.46296355796333,False,0.0,0.0,1.0,0.0
78,78,0.1597448422896347,False,0.354,0.318,0.0,0.328
79,79,0.3327312026818199,False,0.31,0.33,0.0,0.36
80,80,2.6531127052494243,False,0.341,0.311,0.0,0.348
81,81,11.255352376575642,False,0.331,0.336,0.0,0.333
82,82,0.0632118184623477,False,0.35,0.325,0.0,0.325
83,83,2.0766719696309788,False,0.334,0.332,0.0,0.334
84,84,0.0355688272188148,False,0.313,0.343,0.0,0.344
85,85,3.6218959505412034,False,0.318,0.351,0.0,0.331
86,86,1.7125584548985109,False,0.363,0.323,0.0,0.314
87,87,6.0866382728234125,False,0.336,0.319,0.0,0.345
88,88,10.046364148653572,False,0.314,0.339,0.0,0.347
89,89,0.0738613407176482,False,0.312,0.344,0.0,0.344
90,90,16.7230840538725,False,0.0,0.0,1.0,0.0
91,91,0.5466740411538141,False,0.315,0.336,0.0,0.349
92,92,2.9385253517050685,False,0.335,0.328,0.0,0.337
93,93,1.281768657579469,False,0.309,0.356,0.0,0.335
94,94,33.89342248706654,False,0.0,0.0,1.0,0.0
95,95,0.0014709770630048,False,0.338,0.331,0.0,0.331
96,96,21.00360954327244,False,0.331,0.348,0.0,0.321
97,97,22.073210127002856,False,0.32,0.327,0.0,0.353
98,98,0.6502917222494822,False,0.331,0.352,0.0,0.317
99,99,2.290177699999346,False,0.326,0.35,0.0,0.324
100,100,0.6359802654643859,False,0.327,0.351,0.0,0.322
101,101,1.3222231398093058,False,0.33,0.34,0.0,0.33
102,102,12.9413963854274,False,0.305,0.386,0.0,0.309
103,103,2.5292191964312503,False,0.332,0.315,0.0,0.353
104,104,3.519268408644296,False,0.352,0.313,0.0,0.335
105,105,1.4997860032045405,False,0.328,0.343,0.0,0.329
106,106,6.084198906349575,False,0.349,0.305,0.0,0.346
107,107,0.02154419763594,False,0.328,0.336,0.0,0.336
108,108,7.894888247926725,False,0.339,0.325,0.0,0.336
109,109,3.907179386139684,False,0.332,0.339,0.0,0.329
110,110,5.476944471140026,False,0.0,0.0,1.0,0.0
111,111,0.1831518826486015,False,0.33,0.341,0.0,0.329
112,112,3.2671667985645576,False,0.318,0.358,0.0,0.324
113,113,19.53676795064546,False,0.0,0.0,1.0,0.0
114,114,14.916328679639255,False,0.0,0.0,1.0,0.0
115,115,9.825930613321844,False,0.295,0.338,0.0,0.367
116,116,8.956546890791149,False,0.33,0.333,0.0,0.337
117,117,2.861526766558621,False,0.323,0.336,0.0,0.341
118,118,30.8546287624645,False,0.303,0.362,0.0,0.335
119,119,0.1900659948080126,False,0.298,0.367,0.0,0.335
120,120,0.1371263431812456,False,0.341,0.31,0.0,0.349
121,121,1.9306851636709896,False,0.355,0.318,0.0,0.327
122,122,0.9375757044916224,False,0.344,0.326,0.0,0.33
123,123,22.36016713700112,False,0.34,0.315,0.0,0.345
124,124,15.443832904465276,False,0.348,0.354,0.0,0.298
125,125,5.711313779207865,False,0.353,0.331,0.0,0.316
126,126,6.047686919997623,False,0.333,0.336,0.0,0.331
127,127,7.998192931195344,False,0.318,0.375,0.0,0.307
128,128,1.5167062947819905,False,0.334,0.332,0.0,0.334
129,129,0.3481899236225113,False,0.356,0.313,0.0,0.331
130,130,4.807254603128095,False,0.345,0.346,0.0,0.309
131,131,7.711019028269362,False,0.328,0.35,0.0,0.322
132,132,4.795594057111031,False,0.339,0.325,0.0,0.336
133,133,11.559929834362556,False,0.351,0.33,0.0,0.319
134,134,3.8190009019596687,False,0.358,0.328,0.0,0.314
135,135,1.466411300327974,False,0.334,0.351,0.0,0.315
136,136,8.901143892301736,False,0.358,0.308,0.0,0.334
137,137,2.8571998466233444,False,0.338,0.332,0.0,0.33
138,138,11.889867506777808,False,0.336,0.339,0.0,0.325
139,139,0.9195818248964468,False,0.343,0.31,0.0,0.347
140,140,2.3053450235224253,False,0.338,0.319,0.0,0.343
141,141,8.096075194659191,False,0.359,0.318,0.0,0.323
142,142,0.751775071113991,False,0.306,0.345,0.0,0.349
143,143,2.4595785433059683,False,0.32,0.314,0.0,0.366
144,144,3.891781232841648,False,0.329,0.349,0.0,0.322
145,145,0.292116811337053,False,0.32,0.346,0.0,0.334
146,146,9.803961662234263,False,0.351,0.319,0.0,0.33
147,147,51.77541547457985,False,0.33,0.332,0.0,0.338
148,148,2.5319028068276888,False,0.338,0.322,0.0,0.34
149,149,4.562192836192854,False,0.318,0.358,0.0,0.324
150,150,8.61353971130908,False,0.383,0.298,0.0,0.319
151,151,67.51846359327342,False,0.0,0.0,1.0,0.0
152,152,11.495420107189258,False,0.333,0.338,0.0,0.329
153,153,4.405396693080306,False,0.329,0.334,0.0,0.337
154,154,0.4959873145009962,False,0.351,0.318,0.0,0.331
155,155,26.645763410221992,False,0.319,0.338,0.0,0.343
156,156,6.853165139600421,False,0.33,0.357,0.0,0.313
157,157,20.066616589814743,False,0.329,0.33,0.0,0.341
158,158,0.0375756180266627,False,0.341,0.335,0.0,0.324
159,159,13.187899372669644,False,0.322,0.325,0.0,0.353
160,160,1.2152890886855496,False,0.354,0.326,0.0,0.32
161,161,19.22685826587295,False,0.339,0.3,0.0,0.361
162,162,0.6271096883777841,False,0.339,0.32,0.0,0.341
163,163,18.72887515554368,False,0.319,0.364,0.0,0.317
164,164,3.9292103424328686,False,0.353,0.321,0.0,0.326
165,165,2.3393090310139257,False,0.324,0.338,0.0,0.338
166,166,24.867240840138624,False,0.0,0.0,1.0,0.0
167,167,5.632373880265927,False,0.347,0.334,0.0,0.319
168,168,17.45434147466583,False,0.35,0.296,0.0,0.354
169,169,2.2683916274970994,False,0.348,0.346,0.0,0.306
170,170,0.0619951987809396,False,0.347,0.325,0.0,0.328
171,171,2.1270167981769474,False,0.336,0.337,0.0,0.327
172,172,3.379872505595225,False,0.343,0.334,0.0,0.323
173,173,42.70993628478921,False,0.335,0.322,0.0,0.343
174,174,2.5314490667518807,False,0.329,0.327,0.0,0.344
175,175,17.762081358496427,False,0.357,0.328,0.0,0.315
176,176,1.1570804771578131,False,0.334,0.309,0.0,0.357
177,177,4.222573709295002,False,0.356,0.305,0.0,0.339
178,178,0.4763666710242265,False,0.332,0.317,0.0,0.351
179,179,2.86954748604548,False,0.341,0.332,0.0,0.327
180,180,0.0187533066911735,False,0.321,0.333,0.0,0.346
181,181,10.8906449101972,False,0.311,0.341,0.0,0.348
182,182,1.6887829681466198,False,0.344,0.324,0.0,0.332
183,183,0.2594820159195495,False,0.328,0.336,0.0,0.336
184,184,3.397230520922319,False,0.332,0.323,0.0,0.345
185,185,0.0241332534733355,False,0.35,0.33,0.0,0.32
186,186,1.0272207065217922,False,0.34,0.348,0.0,0.312
187,187,7.090593059885896,False,0.337,0.324,0.0,0.339
188,188,5.210249530652914,False,0.303,0.349,0.0,0.348
189,189,32.02075535513658,False,0.0,0.0,1.0,0.0
190,190,19.98769091431034,False,0.0,0.0,1.0,0.0
191,191,2.6189648555762224,False,0.329,0.351,0.0,0.32
192,192,2.753021597530239,False,0.32,0.353,0.0,0.327
193,193,8.7061957695639,False,0.31,0.366,0.0,0.324
194,194,14.32120383531931,False,0.337,0.339,0.0,0.324
195,195,1.8480844586590168,False,0.304,0.336,0.0,0.36
196,196,22.551315278534425,False,0.296,0.339,0.0,0.365
197,197,13.760707187645425,False,0.333,0.321,0.0,0.346
198,198,5.670225030985644,False,0.335,0.344,0.0,0.321
199,199,7.590336890579204,False,0.34,0.312,0.0,0.348
200,200,23.31266802515795,False,0.32,0.328,0.0,0.352
201,201,4.578252233253499,False,0.326,0.304,0.0,0.37
202,202,1.8779844687055,False,0.333,0.335,0.0,0.332
203,203,5.461126557003204,False,0.315,0.33,0.0,0.355
204,204,25.2266598200534,False,0.0,0.0,1.0,0.0
205,205,4.133888437800426,False,0.327,0.315,0.0,0.358
206,206,11.336738311246688,False,0.324,0.349,0.0,0.327
207,207,18.005917227378536,False,0.354,0.322,0.0,0.324
208,208,1.1436753347853688,False,0.333,0.324,0.0,0.343
209,209,31.71472443222913,False,0.321,0.333,0.0,0.346
210,210,2.471130161567515,False,0.349,0.32,0.0,0.331
211,211,0.2105038966763104,False,0.33,0.351,0.0,0.319
212,212,2.0321419869018675,False,0.341,0.321,0.0,0.338
213,213,4.190205391712156,False,0.326,0.32,0.0,0.354
214,214,2.1638907067901263,False,0.325,0.358,0.0,0.317
215,215,0.7416453383674813,False,0.345,0.334,0.0,0.321
216,216,1.6883383031248578,False,0.314,0.351,0.0,0.335
217,217,1.6497494898188416,False,0.378,0.293,0.0,0.329
218,218,16.87158044776085,False,0.31,0.354,0.0,0.336
219,219,12.868950632841532,False,0.337,0.311,0.0,0.352
220,220,22.923385786294592,False,0.335,0.34,0.0,0.325
221,221,3.265535612214956,False,0.331,0.347,0.0,0.322
222,222,9.757305194447422,False,0.0,0.0,1.0,0.0
223,223,0.2780085941671969,False,0.349,0.311,0.0,0.34
224,224,7.868681115545239,False,0.309,0.332,0.0,0.359
225,225,7.161751595978835,False,0.324,0.325,0.0,0.351
226,226,29.242513395980417,False,0.337,0.337,0.0,0.326
227,227,0.5521587751615542,False,0.343,0.324,0.0,0.333
228,228,1.5781088119553175,False,0.352,0.323,0.0,0.325
229,229,0.3257595690163537,False,0.337,0.352,0.0,0.311
230,230,10.403177501610578,False,0.0,0.0,1.0,0.0
231,231,0.1021139301845621,False,0.331,0.331,0.0,0.338
232,232,49.2912560776853,False,0.342,0.335,0.0,0.323
233,233,23.513458293083307,False,0.348,0.324,0.0,0.328
234,234,53.459331957308265,False,0.312,0.361,0.0,0.327
235,235,27.777460200375767,False,0.0,0.0,1.0,0.0
236,236,2.144143466645339,False,0.317,0.366,0.0,0.317
237,237,12.085844567095156,False,0.368,0.297,0.0,0.335
238,238,6.160429437940615,False,0.0,0.0,1.0,0.0
239,239,6.379008792031023,False,0.334,0.344,0.0,0.322
240,240,73.94556316443838,False,0.0,0.0,1.0,0.0
241,241,9.47665563932466,False,0.327,0.333,0.0,0.34
242,242,6.114727990225081,False,0.338,0.321,0.0,0.341
243,243,6.889048962045313,False,0.332,0.346,0.0,0.322
244,244,1.832588778776917,False,0.325,0.338,0.0,0.337
245,245,4.328665193557031,False,0.314,0.337,0.0,0.349
246,246,8.150550506225356,False,0.321,0.34,0.0,0.339
247,247,10.01948915615418,False,0.316,0.34,0.0,0.344
248,248,2.300555154704365,False,0.314,0.352,0.0,0.334
249,249,0.213007049101366,False,0.346,0.312,0.0,0.342
250,250,10.431524144016734,False,0.337,0.335,0.0,0.328
251,251,0.6197587119299981,False,0.337,0.339,0.0,0.324
252,252,13.83759226552309,False,0.331,0.341,0.0,0.328
253,253,6.942734167031842,False,0.353,0.332,0.0,0.315
254,254,2.657634444478408,False,0.362,0.308,0.0,0.33
255,255,0.3605711600887702,False,0.308,0.367,0.0,0.325
256,256,0.8334508334735075,False,0.318,0.343,0.0,0.339
257,257,9.633594444001591,False,0.0,0.0,1.0,0.0
258,258,1.5862574540070156,False,0.331,0.341,0.0,0.328
259,259,1.7447465832093836,False,0.349,0.322,0.0,0.329
260,260,12.508029152597413,False,0.382,0.319,0.0,0.299
261,261,1.605793060152638,False,0.337,0.324,0.0,0.339
262,262,4.329532117312704,False,0.305,0.322,0.0,0.373
263,263,1.814929460374292,False,0.352,0.342,0.0,0.306
264,264,2.0362097253929954,False,0.322,0.342,0.0,0.336
265,265,2.6834841349130487,False,0.0,0.0,1.0,0.0
266,266,10.705292134395725,False,0.299,0.358,0.0,0.343
267,267,7.946145326451713,False,0.343,0.334,0.0,0.323
268,268,3.353009036895849,False,0.348,0.333,0.0,0.319
269,269,0.4220476582836613,False,0.353,0.333,0.0,0.314
270,270,2.520038701155745,False,0.36,0.337,0.0,0.303
271,271,5.019844542652934,False,0.32,0.337,0.0,0.343
272,272,1.063383832261407,False,0.326,0.341,0.0,0.333
273,273,2.1583832852582074,False,0.324,0.315,0.0,0.361
274,274,1.139815020571446,False,0.331,0.325,0.0,0.344
275,275,9.86701705243387,False,0.345,0.357,0.0,0.298
276,276,0.3956574903864401,False,0.347,0.303,0.0,0.35
277,277,12.14869146635579,False,0.321,0.331,0.0,0.348
278,278,1.5920542574771797,False,0.0,0.0,1.0,0.0
279,279,15.24962894618619,False,0.0,0.0,1.0,0.0
280,280,1.0670714078486758,False,0.347,0.318,0.0,0.335
281,281,1.6915524490056897,False,0.315,0.329,0.0,0.356
282,282,4.515561257241879,False,0.348,0.348,0.0,0.304
283,283,11.152694850764822,False,0.309,0.353,0.0,0.338
284,284,6.10983737362435,False,0.305,0.339,0.0,0.356
285,285,32.135866050229325,False,0.0,0.0,1.0,0.0
286,286,2.227748069154916,False,0.367,0.315,0.0,0.318
287,287,32.25784000286614,False,0.325,0.334,0.0,0.341
288,288,2.850840460334559,False,0.327,0.337,0.0,0.336
289,289,6.289580182079582,False,0.33,0.324,0.0,0.346
290,290,10.06470117216622,False,0.333,0.317,0.0,0.35
291,291,5.779496541661914,False,0.357,0.354,0.0,0.289
292,292,1.1489848594343182,False,0.346,0.351,0.0,0.303
293,293,9.157897656117097,False,0.351,0.339,0.0,0.31
294,294,1.082810922824288,False,0.342,0.323,0.0,0.335
295,295,1.5835436975302024,False,0.309,0.343,0.0,0.348
296,296,2.85944528184916,False,0.353,0.314,0.0,0.333
297,297,43.00430225409702,False,0.33,0.335,0.0,0.335
298,298,19.55885628251375,False,0.321,0.327,0.0,0.352
299,299,11.11087382032709,False,0.0,0.0,1.0,0.0
300,300,17.242913133988758,False,0.333,0.342,0.0,0.325
301,301,10.83283570679808,False,0.328,0.309,0.0,0.363
302,302,0.0176053821848483,False,0.339,0.361,0.0,0.3
303,303,0.4565786914089608,False,0.332,0.305,0.0,0.363
304,304,9.296121971237069,False,0.347,0.329,0.0,0.324
305,305,4.291382867467148,False,0.0,0.0,1.0,0.0
306,306,8.883131834510213,False,0.0,0.0,1.0,0.0
307,307,20.985162734226027,False,0.359,0.342,0.0,0.299
308,308,14.29219654693308,False,0.339,0.336,0.0,0.325
309,309,12.491640394983069,False,0.0,0.0,1.0,0.0
310,310,0.3741965331442648,False,0.331,0.338,0.0,0.331
311,311,0.4565337798027671,False,0.351,0.336,0.0,0.313
312,312,17.361778530805942,False,0.0,0.0,1.0,0.0
313,313,0.7171020663204862,False,0.32,0.334,0.0,0.346
314,314,1.2381673939062658,False,0.337,0.319,0.0,0.344
315,315,6.202130712657025,False,0.361,0.322,0.0,0.317
316,316,37.74433156914234,False,0.359,0.308,0.0,0.333
317,317,13.594936541877855,False,0.329,0.333,0.0,0.338
318,318,6.030323021576894,False,0.337,0.339,0.0,0.324
319,319,16.14395491883156,False,0.311,0.345,0.0,0.344
320,320,0.7863198865778396,False,0.329,0.329,0.0,0.342
321,321,4.261228610764103,False,0.311,0.35,0.0,0.339
322,322,8.282016506125208,False,0.317,0.333,0.0,0.35
323,323,6.952851987902087,False,0.0,0.0,1.0,0.0
324,324,4.401683029153494,False,0.341,0.316,0.0,0.343
325,325,16.06825053396477,False,0.0,0.0,1.0,0.0
326,326,5.819632955433717,False,0.313,0.329,0.0,0.358
327,327,2.0967510977466275,False,0.32,0.327,0.0,0.353
328,328,3.417111047608332,False,0.0,0.0,1.0,0.0
329,329,14.553435564110533,False,0.0,0.0,1.0,0.0
330,330,0.5309591905265154,False,0.331,0.324,0.0,0.345
331,331,8.224654064966062,False,0.0,0.0,1.0,0.0
332,332,31.177642426433845,False,0.321,0.337,0.0,0.342
333,333,2.9153570016345616,False,0.316,0.335,0.0,0.349
334,334,1.11254544310314,False,0.339,0.315,0.0,0.346
335,335,0.0236336968593,False,0.349,0.324,0.0,0.327
336,336,3.995785204914897,False,0.355,0.281,0.0,0.364
337,337,0.0872806131419625,False,0.311,0.347,0.0,0.342
338,338,23.86022505337333,False,0.342,0.313,0.0,0.345
339,339,7.052918365436064,False,0.324,0.332,0.0,0.344
340,340,31.407606571737148,False,0.307,0.348,0.0,0.345
341,341,18.85807805026585,False,0.343,0.324,0.0,0.333
342,342,2.948771787028839,False,0.342,0.34,0.0,0.318
343,343,1.4120294861920848,False,0.338,0.329,0.0,0.333
344,344,2.773219441126324,False,0.355,0.327,0.0,0.318
345,345,4.4275598077979765,False,0.0,0.0,1.0,0.0
346,346,1.1093604776234551,False,0.325,0.342,0.0,0.333
347,347,11.265827399476724,False,0.335,0.35,0.0,0.315
348,348,14.806178681308028,False,0.325,0.347,0.0,0.328
349,349,0.2045341595816198,False,0.306,0.365,0.0,0.329
350,350,0.589818699582994,False,0.316,0.334,0.0,0.35
351,351,0.1622287586026709,False,0.326,0.322,0.0,0.352
352,352,0.8723023511511518,False,0.347,0.318,0.0,0.335
353,353,3.361471753053974,False,0.345,0.337,0.0,0.318
354,354,15.128885260079995,False,0.327,0.327,0.0,0.346
355,355,6.152921596696869,False,0.334,0.32,0.0,0.346
356,356,10.660189944879662,False,0.354,0.335,0.0,0.311
357,357,24.53413229953081,False,0.339,0.337,0.0,0.324
358,358,5.29822494397206,False,0.321,0.325,0.0,0.354
359,359,4.309183767213408,False,0.322,0.344,0.0,0.334
360,360,10.29589243774947,False,0.34,0.321,0.0,0.339
361,361,14.426955170502795,False,0.332,0.346,0.0,0.322
362,362,0.9570354941604884,False,0.334,0.314,0.0,0.352
363,363,0.105916049389329,False,0.34,0.339,0.0,0.321
364,364,21.018242136531818,False,0.337,0.327,0.0,0.336
365,365,14.977124512618484,False,0.33,0.321,0.0,0.349
366,366,22.101708477807577,False,0.309,0.343,0.0,0.348
367,367,8.076160351787992,False,0.344,0.337,0.0,0.319
368,368,18.03305454117104,False,0.322,0.369,0.0,0.309
369,369,3.660355905583242,False,0.343,0.318,0.0,0.339
370,370,11.863932431741144,False,0.335,0.32,0.0,0.345
371,371,18.23201441183725,False,0.0,0.0,1.0,0.0
372,372,2.873062927061197,False,0.313,0.359,0.0,0.328
373,373,0.1242228563066657,False,0.361,0.322,0.0,0.317
374,374,6.959930343123728,False,0.338,0.323,0.0,0.339
375,375,2.396984834128667,False,0.328,0.357,0.0,0.315
376,376,2.0916928982043306,False,0.351,0.305,0.0,0.344
377,377,8.097090217980579,False,0.34,0.341,0.0,0.319
378,378,5.526315027316337,False,0.337,0.34,0.0,0.323
379,379,23.75960159533675,False,0.313,0.324,0.0,0.363
380,380,10.22907870701176,False,0.309,0.316,0.0,0.375
381,381,14.221301492637048,False,0.354,0.333,0.0,0.313
382,382,40.032399244775576,False,0.0,0.0,1.0,0.0
383,383,0.4996118253385082,False,0.341,0.328,0.0,0.331
384,384,2.5099459915490367,False,0.37,0.303,0.0,0.327
385,385,7.57919865048742,False,0.332,0.321,0.0,0.347
386,386,2.763238527052697,False,0.357,0.324,0.0,0.319
387,387,0.151785667333008,False,0.353,0.312,0.0,0.335
388,388,0.0395922280321298,False,0.327,0.369,0.0,0.304
389,389,30.26161092628937,False,0.342,0.336,0.0,0.322
390,390,1.5540270642210472,False,0.365,0.321,0.0,0.314
391,391,18.17303855731383,False,0.334,0.333,0.0,0.333
392,392,1.461238551517837,False,0.321,0.327,0.0,0.352
393,393,4.17035748309384,False,0.34,0.332,0.0,0.328
394,394,4.188122781957565,False,0.315,0.341,0.0,0.344
395,395,7.744784493566159,False,0.329,0.344,0.0,0.327
396,396,64.03629403208222,False,0.337,0.324,0.0,0.339
397,397,15.356991252713827,False,0.0,0.0,1.0,0.0
398,398,5.467110527593729,False,0.356,0.341,0.0,0.303
399,399,0.0027566581426372,False,0.347,0.328,0.0,0.325
400,400,7.322315543492404,False,0.333,0.339,0.0,0.328
401,401,0.9315831275521156,False,0.332,0.324,0.0,0.344
402,402,0.7617569324223576,False,0.306,0.34,0.0,0.354
403,403,4.539043399546694,False,0.335,0.319,0.0,0.346
404,404,10.79179286779702,False,0.362,0.303,0.0,0.335
405,405,38.32703484917172,False,0.292,0.337,0.0,0.371
406,406,8.091101827137855,False,0.339,0.323,0.0,0.338
407,407,3.793755282468191,False,0.317,0.32,0.0,0.363
408,408,0.5814704091774804,False,0.327,0.344,0.0,0.329
409,409,3.637447963325912,False,0.336,0.301,0.0,0.363
410,410,8.259595847739337,False,0.333,0.313,0.0,0.354
411,411,8.47254701973259,False,0.315,0.329,0.0,0.356
412,412,21.51499592250857,False,0.345,0.328,0.0,0.327
413,413,4.857810355781244,False,0.325,0.334,0.0,0.341
414,414,41.62345535221173,False,0.0,0.0,1.0,0.0
415,415,8.576797585317868,False,0.347,0.308,0.0,0.345
416,416,6.644511069332314,False,0.345,0.315,0.0,0.34
417,417,3.6231565398598247,False,0.326,0.353,0.0,0.321
418,418,5.382973901257365,False,0.368,0.318,0.0,0.314
419,419,0.865804348373797,False,0.351,0.318,0.0,0.331
420,420,0.2602519382273326,False,0.334,0.337,0.0,0.329
421,421,48.73999237244181,False,0.351,0.307,0.0,0.342
422,422,3.462805046366595,False,0.341,0.328,0.0,0.331
423,423,0.1800520128914459,False,0.333,0.304,0.0,0.363
424,424,5.009841455238176,False,0.364,0.321,0.0,0.315
425,425,21.531344539753206,False,0.0,0.0,1.0,0.0
426,426,0.4043574420854997,False,0.32,0.331,0.0,0.349
427,427,13.779911123652074,False,0.325,0.362,0.0,0.313
428,428,0.3750207192123193,False,0.351,0.323,0.0,0.326
429,429,23.41546806561848,False,0.331,0.341,0.0,0.328
430,430,18.462838090034925,False,0.344,0.357,0.0,0.299
431,431,6.821648635289114,False,0.299,0.343,0.0,0.358
432,432,5.703562863056953,False,0.317,0.346,0.0,0.337
433,433,1.68699563993414,False,0.301,0.332,0.0,0.367
434,434,1.7099713331092912,False,0.324,0.326,0.0,0.35
435,435,0.0852527137775551,False,0.321,0.335,0.0,0.344
436,436,3.683516826264347,False,0.361,0.323,0.0,0.316
437,437,2.724591273266101,False,0.0,0.0,1.0,0.0
438,438,0.1922226400151568,False,0.325,0.331,0.0,0.344
439,439,0.6139763618470436,False,0.353,0.31,0.0,0.337
440,440,13.390624623687108,False,0.345,0.326,0.0,0.329
441,441,22.23102988089705,False,0.0,0.0,1.0,0.0
442,442,8.97466848669045,False,0.334,0.337,0.0,0.329
443,443,26.2774226443482,False,0.0,0.0,1.0,0.0
444,444,5.279227884486816,False,0.339,0.342,0.0,0.319
445,445,4.531957001236853,False,0.335,0.331,0.0,0.334
446,446,3.6852865795294254,False,0.345,0.339,0.0,0.316
447,447,25.07471086125803,False,0.334,0.327,0.0,0.339
448,448,8.799268347365558,False,0.341,0.339,0.0,0.32
449,449,25.934282413321124,False,0.0,0.0,1.0,0.0
450,450,27.288726528015385,False,0.326,0.374,0.0,0.3
451,451,1.6977396049389573,False,0.312,0.341,0.0,0.347
452,452,24.504055299691576,False,0.324,0.333,0.0,0.343
453,453,0.6174023532799974,False,0.352,0.319,0.0,0.329
454,454,40.0963820318979,False,0.334,0.313,0.0,0.353
455,455,4.0845636454478855,False,0.339,0.378,0.0,0.283
456,456,2.388963343468435,False,0.335,0.326,0.0,0.339
457,457,3.904925739979895,False,0.359,0.33,0.0,0.311
458,458,23.028295307805926,False,0.314,0.338,0.0,0.348
459,459,2.291218874568838,False,0.345,0.328,0.0,0.327
460,460,4.845427890873353,False,0.341,0.336,0.0,0.323
461,461,2.111174652558548,False,0.315,0.339,0.0,0.346
462,462,2.9063617050876385,False,0.0,0.0,1.0,0.0
463,463,12.875352884951996,False,0.345,0.324,0.0,0.331
464,464,21.597830068954213,False,0.312,0.361,0.0,0.327
465,465,34.15180383804528,False,0.0,0.0,1.0,0.0
466,466,29.62619235957218,False,0.32,0.364,0.0,0.316
467,467,2.4310400612230074,False,0.333,0.338,0.0,0.329
468,468,2.11724683666446,False,0.347,0.297,0.0,0.356
469,469,12.830088290786447,False,0.311,0.348,0.0,0.341
470,470,2.389682489917208,False,0.32,0.351,0.0,0.329
471,471,27.05548797724149,False,0.339,0.311,0.0,0.35
472,472,2.9510424627697835,False,0.359,0.33,0.0,0.311
473,473,1.3207113881298238,False,0.307,0.342,0.0,0.351
474,474,11.632937145142836,False,0.323,0.333,0.0,0.344
475,475,3.343063167658717,False,0.0,0.0,1.0,0.0
476,476,2.980491773745417,False,0.32,0.351,0.0,0.329
477,477,2.998256413208819,False,0.347,0.316,0.0,0.337
478,478,20.00013561073506,False,0.322,0.328,0.0,0.35
479,479,4.338950780755805,False,0.341,0.341,0.0,0.318
480,480,7.444764120546111,False,0.306,0.356,0.0,0.338
481,481,17.254026583978142,False,0.317,0.35,0.0,0.333
482,482,4.397514123162846,False,0.0,0.0,1.0,0.0
483,483,0.290986910131596,False,0.342,0.308,0.0,0.35
484,484,0.7075054726068125,False,0.34,0.318,0.0,0.342
485,485,41.63362529502474,False,0.322,0.339,0.0,0.339
486,486,1.1839606542657608,False,0.327,0.35,0.0,0.323
487,487,5.276071641006528,False,0.345,0.329,0.0,0.326
488,488,7.4555238527049585,False,0.328,0.335,0.0,0.337
489,489,9.613306274407336,False,0.356,0.32,0.0,0.324
490,490,0.9301073772581204,False,0.349,0.335,0.0,0.316
491,491,5.592975055694941,False,0.356,0.339,0.0,0.305
492,492,16.163173759244383,False,0.35,0.341,0.0,0.309
493,493,0.7601369478360029,False,0.351,0.318,0.0,0.331
494,494,0.0011888950153816,False,0.345,0.353,0.0,0.302
495,495,5.775471861203541,False,0.322,0.336,0.0,0.342
496,496,14.365717656130984,False,0.0,0.0,1.0,0.0
497,497,7.212724333392242,False,0.337,0.338,0.0,0.325
498,498,6.72625726032332,False,0.323,0.331,0.0,0.346
499,499,0.1450713269292027,False,0.347,0.317,0.0,0.336
500,500,0.1795993920905388,False,0.358,0.336,0.0,0.306
501,501,1.0760886967637435,False,0.326,0.347,0.0,0.327
502,502,21.276842994060093,False,0.326,0.335,0.0,0.339
503,503,3.062305171543364,False,0.327,0.352,0.0,0.321
504,504,5.255791928762738,False,0.365,0.327,0.0,0.308
505,505,8.622770221130427,False,0.337,0.343,0.0,0.32
506,506,12.091392353710924,False,0.315,0.341,0.0,0.344
507,507,14.647696603399629,False,0.31,0.365,0.0,0.325
508,508,7.331185602055113,False,0.344,0.348,0.0,0.308
509,509,12.5006018020376,False,0.307,0.335,0.0,0.358
510,510,14.210021923635486,False,0.0,0.0,1.0,0.0
511,511,2.2807682403697616,False,0.344,0.347,0.0,0.309
512,512,1.037526909600761,False,0.343,0.314,0.0,0.343
513,513,6.679599270379589,False,0.327,0.319,0.0,0.354
514,514,1.5987322720778006,False,0.315,0.328,0.0,0.357
515,515,0.090227450412424,False,0.337,0.315,0.0,0.348
516,516,11.656488619393231,False,0.348,0.309,0.0,0.343
517,517,2.405077170145549,False,0.337,0.347,0.0,0.316
518,518,1.7028088850648906,False,0.322,0.338,0.0,0.34
519,519,14.051566194979156,False,0.0,0.0,1.0,0.0
520,520,2.7920217278202126,False,0.363,0.314,0.0,0.323
521,521,4.054026566094551,False,0.352,0.297,0.0,0.351
522,522,5.883887338213456,False,0.344,0.323,0.0,0.333
523,523,33.37674160293596,False,0.337,0.326,0.0,0.337
524,524,6.232871681906414,False,0.324,0.355,0.0,0.321
525,525,20.964961100892644,False,0.0,0.0,1.0,0.0
526,526,0.1323553245032362,False,0.334,0.335,0.0,0.331
527,527,2.689445262590535,False,0.294,0.347,0.0,0.359
528,528,14.647336345902737,False,0.343,0.309,0.0,0.348
529,529,2.964316460795763,False,0.346,0.335,0.0,0.319
530,530,0.6285628813675813,False,0.353,0.325,0.0,0.322
531,531,16.389048032922148,False,0.34,0.319,0.0,0.341
532,532,18.935023514688982,False,0.31,0.348,0.0,0.342
533,533,30.74608993443885,False,0.339,0.341,0.0,0.32
534,534,0.7289295868046636,False,0.346,0.322,0.0,0.332
535,535,0.9166895649068496,False,0.322,0.337,0.0,0.341
536,536,0.3129108300178844,False,0.357,0.331,0.0,0.312
537,537,23.72501572125586,False,0.331,0.34,0.0,0.329
538,538,3.5041810114736283,False,0.317,0.348,0.0,0.335
539,539,3.8721119670597535,False,0.344,0.336,0.0,0.32
540,540,9.841841060589845,False,0.32,0.361,0.0,0.319
541,541,8.709313276359184,False,0.338,0.324,0.0,0.338
542,542,0.985395801784254,False,0.348,0.343,0.0,0.309
543,543,15.787586893345612,False,0.323,0.327,0.0,0.35
544,544,6.000101713083472,False,0.319,0.322,0.0,0.359
545,545,4.147016490534163,False,0.324,0.317,0.0,0.359
546,546,40.308192030319,False,0.324,0.338,0.0,0.338
547,547,6.132652834812461,False,0.341,0.35,0.0,0.309
548,548,0.0483516044588161,False,0.327,0.338,0.0,0.335
549,549,9.322903883494204,False,0.351,0.299,0.0,0.35
550,550,9.790666644776518,False,0.354,0.308,0.0,0.338
551,551,14.024082209414416,False,0.0,0.0,1.0,0.0
552,552,1.919079783291892,False,0.346,0.337,0.0,0.317
553,553,6.459094265335266,False,0.363,0.31,0.0,0.327
554,554,1.9692954525185944,False,0.316,0.35,0.0,0.334
555,555,5.068024839066296,False,0.0,0.0,1.0,0.0
556,556,5.781964601486287,False,0.328,0.347,0.0,0.325
557,557,0.050062868963143,False,0.332,0.321,0.0,0.347
558,558,11.029807736129856,False,0.33,0.312,0.0,0.358
559,559,1.8119587898123788,False,0.334,0.345,0.0,0.321
560,560,1.877649581555037,False,0.326,0.354,0.0,0.32
561,561,13.161356134081592,False,0.336,0.323,0.0,0.341
562,562,0.1141557737686587,False,0.323,0.339,0.0,0.338
563,563,2.278344683270902,False,0.32,0.324,0.0,0.356
564,564,17.361941116787523,False,0.331,0.332,0.0,0.337
565,565,0.2944252070210845,False,0.331,0.327,0.0,0.342
566,566,10.037373935752166,False,0.0,0.0,1.0,0.0
567,567,5.892928667169507,False,0.347,0.33,0.0,0.323
568,568,20.101026793915512,False,0.0,0.0,1.0,0.0
569,569,2.735002249263679,False,0.348,0.327,0.0,0.325
570,570,22.99454715685501,False,0.329,0.336,0.0,0.335
571,571,0.3860989681995762,False,0.327,0.329,0.0,0.344
572,572,5.067005999898323,False,0.349,0.343,0.0,0.308
573,573,6.515454060486762,False,0.32,0.353,0.0,0.327
574,574,22.57084178605792,False,0.0,0.0,1.0,0.0
575,575,4.132001157278067,False,0.0,0.0,1.0,0.0
576,576,16.86216812721306,False,0.338,0.337,0.0,0.325
577,577,0.18592070994944,False,0.337,0.327,0.0,0.336
578,578,1.4320343555455972,False,0.32,0.333,0.0,0.347
579,579,8.651857118633716,False,0.303,0.359,0.0,0.338
580,580,2.926652610955802,False,0.314,0.351,0.0,0.335
581,581,0.4903700358173645,False,0.314,0.347,0.0,0.339
582,582,13.767012676503784,False,0.334,0.31,0.0,0.356
583,583,3.723871477885209,False,0.347,0.324,0.0,0.329
584,584,5.707014687216323,False,0.341,0.329,0.0,0.33
585,585,0.9393800799498568,False,0.347,0.314,0.0,0.339
586,586,5.028658711730952,False,0.352,0.303,0.0,0.345
587,587,7.462121889293842,False,0.337,0.352,0.0,0.311
588,588,11.036754238970474,False,0.307,0.334,0.0,0.359
589,589,4.260328568774575,False,0.339,0.317,0.0,0.344
590,590,0.5366602523021543,False,0.343,0.331,0.0,0.326
591,591,15.82930660494923,False,0.33,0.326,0.0,0.344
592,592,27.016788162936244,False,0.352,0.348,0.0,0.3
593,593,0.7756853440321564,False,0.345,0.331,0.0,0.324
594,594,8.13393872557264,False,0.329,0.333,0.0,0.338
595,595,5.875103034281672,False,0.312,0.338,0.0,0.35
596,596,6.333323509109446,False,0.321,0.363,0.0,0.316
597,597,9.158525464784953,False,0.342,0.343,0.0,0.315
598,598,0.4682512505172689,False,0.344,0.32,0.0,0.336
599,599,16.3571061359121,False,0.349,0.322,0.0,0.329
600,600,0.0342493032364764,False,0.352,0.306,0.0,0.342
601,601,0.0215145158908987,False,0.35,0.332,0.0,0.318
602,602,0.0018789969971235,False,0.336,0.334,0.0,0.33
603,603,1.204492287587481,False,0.335,0.348,0.0,0.317
604,604,1.1024131048848462,False,0.325,0.33,0.0,0.345
605,605,12.42487585567801,False,0.343,0.33,0.0,0.327
606,606,12.637276594396107,False,0.321,0.331,0.0,0.348
607,607,9.718082028480056,False,0.319,0.33,0.0,0.351
608,608,4.586251743046286,False,0.347,0.337,0.0,0.316
609,609,12.10489331562863,False,0.0,0.0,1.0,0.0
610,610,3.971946758964148,False,0.337,0.338,0.0,0.325
611,611,2.473184295722195,False,0.309,0.349,0.0,0.342
612,612,45.05842717060943,False,0.321,0.325,0.0,0.354
613,613,6.863757867393137,False,0.332,0.356,0.0,0.312
614,614,5.511397369911865,False,0.0,0.0,1.0,0.0
615,615,0.4169631131055335,False,0.31,0.336,0.0,0.354
616,616,4.04716624769613,False,0.353,0.338,0.0,0.309
617,617,5.82612951506946,False,0.355,0.33,0.0,0.315
618,618,8.796265868703212,False,0.332,0.341,0.0,0.327
619,619,5.469286927432058,False,0.344,0.325,0.0,0.331
620,620,0.71756812697688,False,0.362,0.311,0.0,0.327
621,621,9.339607413740495,False,0.363,0.319,0.0,0.318
622,622,4.57717411792193,False,0.347,0.314,0.0,0.339
623,623,15.524418663025562,False,0.331,0.339,0.0,0.33
624,624,31.652045315134224,False,0.308,0.323,0.0,0.369
625,625,14.0193378699988,False,0.333,0.34,0.0,0.327
626,626,17.63745740174689,False,0.338,0.34,0.0,0.322
627,627,1.212750295234758,False,0.347,0.331,0.0,0.322
628,628,4.222622813002613,False,0.331,0.347,0.0,0.322
629,629,4.425945695557727,False,0.346,0.329,0.0,0.325
630,630,0.132236990369341,False,0.33,0.329,0.0,0.341
631,631,0.2739723911073689,False,0.318,0.343,0.0,0.339
632,632,0.9797552667084394,False,0.352,0.32,0.0,0.328
633,633,9.114078683572844,False,0.321,0.327,0.0,0.352
634,634,2.0354324164788555,False,0.316,0.349,0.0,0.335
635,635,30.703816702845824,False,0.0,0.0,1.0,0.0
636,636,7.876733552133146,False,0.34,0.329,0.0,0.331
637,637,0.401386095703769,False,0.31,0.342,0.0,0.348
638,638,2.009415564221672,False,0.339,0.319,0.0,0.342
639,639,0.3309104031077384,False,0.318,0.335,0.0,0.347
640,640,10.583808247642343,False,0.326,0.342,0.0,0.332
641,641,5.503009289614928,False,0.323,0.343,0.0,0.334
642,642,0.1258703340214993,False,0.347,0.349,0.0,0.304
643,643,13.147817043113822,False,0.334,0.347,0.0,0.319
644,644,12.916217452992557,False,0.0,0.0,1.0,0.0
645,645,2.359439931107758,False,0.303,0.34,0.0,0.357
646,646,6.625580273290994,False,0.343,0.333,0.0,0.324
647,647,0.3278957429583415,False,0.322,0.359,0.0,0.319
648,648,11.6339696587913,False,0.348,0.327,0.0,0.325
649,649,16.142186250586413,False,0.348,0.336,0.0,0.316
650,650,28.81827430662494,False,0.0,0.0,1.0,0.0
651,651,2.835536509992976,False,0.36,0.325,0.0,0.315
652,652,0.393417661027178,False,0.33,0.335,0.0,0.335
653,653,16.95988366016826,False,0.36,0.316,0.0,0.324
654,654,16.737238229345163,False,0.353,0.313,0.0,0.334
655,655,24.26705983650891,False,0.345,0.344,0.0,0.311
656,656,5.562476045097894,False,0.33,0.349,0.0,0.321
657,657,0.2048254573629591,False,0.324,0.324,0.0,0.352
658,658,15.83703150022274,False,0.357,0.324,0.0,0.319
659,659,8.492553151715768,False,0.0,0.0,1.0,0.0
660,660,12.351325171650064,False,0.0,0.0,1.0,0.0
661,661,3.3598749577607783,False,0.301,0.352,0.0,0.347
662,662,2.684430990408509,False,0.34,0.341,0.0,0.319
663,663,4.010409212511575,False,0.365,0.31,0.0,0.325
664,664,0.9780745203603952,False,0.314,0.348,0.0,0.338
665,665,15.69268113793094,False,0.342,0.342,0.0,0.316
666,666,2.1263756252246813,False,0.339,0.344,0.0,0.317
667,667,11.952294121980708,False,0.348,0.313,0.0,0.339
668,668,1.6665727161032418,False,0.343,0.323,0.0,0.334
669,669,9.665676043750947,False,0.309,0.338,0.0,0.353
670,670,4.830049983739097,False,0.347,0.329,0.0,0.324
671,671,30.60621787043469,False,0.0,0.0,1.0,0.0
672,672,7.994482255839342,False,0.327,0.339,0.0,0.334
673,673,8.748155954020346,False,0.322,0.347,0.0,0.331
674,674,4.207980943364957,False,0.291,0.328,0.0,0.381
675,675,7.867205421848479,False,0.343,0.32,0.0,0.337
676,676,0.465476108928482,False,0.331,0.325,0.0,0.344
677,677,1.1124010826376882,False,0.352,0.347,0.0,0.301
678,678,4.5317048733241085,False,0.311,0.364,0.0,0.325
679,679,16.58656528837133,False,0.349,0.318,0.0,0.333
680,680,9.317216578299668,False,0.355,0.302,0.0,0.343
681,681,0.7266029636939237,False,0.341,0.335,0.0,0.324
682,682,21.77367981260068,False,0.334,0.337,0.0,0.329
683,683,2.273668459406288,False,0.335,0.337,0.0,0.328
684,684,1.990418290428794,False,0.308,0.343,0.0,0.349
685,685,4.510908134853038,False,0.328,0.346,0.0,0.326
686,686,2.3879460176937823,False,0.326,0.336,0.0,0.338
687,687,7.233266496702922,False,0.311,0.345,0.0,0.344
688,688,0.1225702609325946,False,0.342,0.347,0.0,0.311
689,689,19.534678375086127,False,0.335,0.316,0.0,0.349
690,690,7.220587991062894,False,0.34,0.32,0.0,0.34
691,691,14.413782983516011,False,0.333,0.332,0.0,0.335
692,692,1.3481145208027012,False,0.347,0.328,0.0,0.325
693,693,2.417981668314047,False,0.347,0.305,0.0,0.348
694,694,1.110235744116317,False,0.342,0.336,0.0,0.322
695,695,3.563069987274166,False,0.334,0.357,0.0,0.309
696,696,0.0602537979400819,False,0.322,0.357,0.0,0.321
697,697,2.24207614236039,False,0.307,0.346,0.0,0.347
698,698,0.0178087371265092,False,0.317,0.351,0.0,0.332
699,699,3.7067410325053753,False,0.344,0.332,0.0,0.324
700,700,1.0833207624257482,False,0.0,0.0,1.0,0.0
701,701,36.3811095622705,False,0.349,0.309,0.0,0.342
702,702,7.247825497367534,False,0.355,0.329,0.0,0.316
703,703,15.761426953423689,False,0.324,0.345,0.0,0.331
704,704,21.906984927189622,False,0.347,0.33,0.0,0.323
705,705,2.4834399606340862,False,0.32,0.343,0.0,0.337
706,706,0.4991831473249249,False,0.338,0.324,0.0,0.338
707,707,0.9526371986195634,False,0.352,0.321,0.0,0.327
708,708,27.149405892898,False,0.0,0.0,1.0,0.0
709,709,10.716881051123336,False,0.318,0.356,0.0,0.326
710,710,29.3739160300664,False,0.329,0.334,0.0,0.337
711,711,4.815808553542498,False,0.342,0.327,0.0,0.331
712,712,3.5934545699150995,False,0.329,0.335,0.0,0.336
713,713,17.85693633690574,False,0.293,0.353,0.0,0.354
714,714,26.745978935216623,False,0.305,0.34,0.0,0.355
715,715,0.7190224383216542,False,0.327,0.344,0.0,0.329
716,716,11.121599015045472,False,0.334,0.323,0.0,0.343
717,717,4.965589474347268,False,0.344,0.321,0.0,0.335
718,718,3.223475710451273,False,0.0,0.0,1.0,0.0
719,719,1.3719518034436116,False,0.318,0.344,0.0,0.338
720,720,2.7541562625897624,False,0.341,0.339,0.0,0.32
721,721,7.238390877308507,False,0.318,0.345,0.0,0.337
722,722,18.01825712502388,False,0.318,0.339,0.0,0.343
723,723,7.6242251345284435,False,0.345,0.321,0.0,0.334
724,724,6.312140478003112,False,0.349,0.321,0.0,0.33
725,725,9.101888727018906,False,0.312,0.333,0.0,0.355
726,726,4.549035275420773,False,0.348,0.339,0.0,0.313
727,727,6.983950755996524,False,0.329,0.346,0.0,0.325
728,728,47.74084306436389,False,0.319,0.325,0.0,0.356
729,729,25.56868661623389,False,0.0,0.0,1.0,0.0
730,730,3.147572773176372,False,0.349,0.312,0.0,0.339
731,731,4.965006934052012,False,0.315,0.328,0.0,0.357
732,732,1.365515913283057,False,0.356,0.312,0.0,0.332
733,733,0.2957730073123448,False,0.365,0.325,0.0,0.31
734,734,0.8426282545605938,False,0.345,0.33,0.0,0.325
735,735,11.402912467445647,False,0.342,0.322,0.0,0.336
736,736,19.29915511514037,False,0.301,0.363,0.0,0.336
737,737,35.032770775401765,False,0.354,0.322,0.0,0.324
738,738,17.361936536486514,False,0.344,0.323,0.0,0.333
739,739,51.74722500242667,False,0.0,0.0,1.0,0.0
740,740,5.5933441600287575,False,0.319,0.35,0.0,0.331
741,741,0.6369081534597912,False,0.336,0.34,0.0,0.324
742,742,1.82493638177252,False,0.329,0.325,0.0,0.346
743,743,21.100277426572656,False,0.346,0.331,0.0,0.323
744,744,1.9263326032294168,False,0.34,0.338,0.0,0.322
745,745,9.789075225421469,False,0.309,0.343,0.0,0.348
746,746,12.813066786885376,False,0.355,0.348,0.0,0.297
747,747,0.6345074969228179,False,0.324,0.317,0.0,0.359
748,748,0.4182658570214342,False,0.324,0.349,0.0,0.327
749,749,7.06501238463868,False,0.352,0.354,0.0,0.294
750,750,0.311973936599441,False,0.321,0.329,0.0,0.35
751,751,1.0799953289800497,False,0.323,0.328,0.0,0.349
752,752,0.7537343206789755,False,0.364,0.328,0.0,0.308
753,753,2.0189483883875283,False,0.357,0.326,0.0,0.317
754,754,0.2484193975550137,False,0.335,0.318,0.0,0.347
755,755,37.90019076568718,False,0.0,0.0,1.0,0.0
756,756,2.873377825423463,False,0.358,0.317,0.0,0.325
757,757,2.05802261781232,False,0.318,0.335,0.0,0.347
758,758,9.379303260404225,False,0.324,0.337,0.0,0.339
759,759,7.872350148336072,False,0.332,0.332,0.0,0.336
760,760,5.174720308142169,False,0.31,0.348,0.0,0.342
761,761,0.7517765924870017,False,0.34,0.325,0.0,0.335
762,762,3.118374447528076,False,0.0,0.0,1.0,0.0
763,763,8.966939487854278,False,0.357,0.332,0.0,0.311
764,764,1.3909708418711029,False,0.338,0.349,0.0,0.313
765,765,1.5798668566066307,False,0.32,0.34,0.0,0.34
766,766,0.8425766015988566,False,0.33,0.334,0.0,0.336
767,767,11.35188632246805,False,0.325,0.351,0.0,0.324
768,768,6.601058318175743,False,0.36,0.325,0.0,0.315
769,769,18.80023923064294,False,0.336,0.314,0.0,0.35
770,770,12.79030697770409,False,0.358,0.338,0.0,0.304
771,771,3.4802785978872293,False,0.342,0.326,0.0,0.332
772,772,1.6676935232736438,False,0.33,0.348,0.0,0.322
773,773,28.52483066157521,False,0.331,0.334,0.0,0.335
774,774,7.813536882729383,False,0.325,0.326,0.0,0.349
775,775,10.211191670445483,False,0.313,0.329,0.0,0.358
776,776,2.8373640463135152,False,0.333,0.34,0.0,0.327
777,777,7.068530319586261,False,0.338,0.354,0.0,0.308
778,778,0.5220348604933238,False,0.336,0.321,0.0,0.343
779,779,1.803823321131785,False,0.352,0.324,0.0,0.324
780,780,16.46703701565486,False,0.31,0.352,0.0,0.338
781,781,13.895391808124623,False,0.324,0.333,0.0,0.343
782,782,14.420323856944,False,0.0,0.0,1.0,0.0
783,783,1.7036584375025812,False,0.339,0.337,0.0,0.324
784,784,6.301957788594934,False,0.319,0.316,0.0,0.365
785,785,6.912533125498883,False,0.359,0.349,0.0,0.292
786,786,12.950831815640734,False,0.349,0.345,0.0,0.306
787,787,4.767995547695795,False,0.302,0.358,0.0,0.34
788,788,2.467981913267461,False,0.332,0.324,0.0,0.344
789,789,7.5547564590093,False,0.318,0.341,0.0,0.341
790,790,3.3144412344691663,False,0.349,0.315,0.0,0.336
791,791,4.417533203531124,False,0.339,0.319,0.0,0.342
792,792,8.812650231289236,False,0.309,0.371,0.0,0.32
793,793,15.725003338010882,False,0.0,0.0,1.0,0.0
794,794,7.291126291135609,False,0.343,0.298,0.0,0.359
795,795,0.2730371541582004,False,0.321,0.365,0.0,0.314
796,796,1.2928857120723762,False,0.341,0.334,0.0,0.325
797,797,27.259886853262145,False,0.0,0.0,1.0,0.0
798,798,3.659325182811085,False,0.333,0.355,0.0,0.312
799,799,27.63951691483035,False,0.348,0.347,0.0,0.305
800,800,0.1439835279373021,False,0.344,0.331,0.0,0.325
801,801,15.00616840858278,False,0.0,0.0,1.0,0.0
802,802,4.252056986120564,False,0.336,0.332,0.0,0.332
803,803,9.508721432190749,False,0.337,0.344,0.0,0.319
804,804,3.1785585943227006,False,0.35,0.336,0.0,0.314
805,805,11.878630152265073,False,0.337,0.336,0.0,0.327
806,806,2.279214155004506,False,0.32,0.331,0.0,0.349
807,807,10.382223767295724,False,0.338,0.366,0.0,0.296
808,808,7.084026056052741,False,0.358,0.335,0.0,0.307
809,809,2.71951717102228,False,0.329,0.349,0.0,0.322
810,810,2.470145304251831,False,0.36,0.322,0.0,0.318
811,811,2.791201730770183,False,0.352,0.312,0.0,0.336
812,812,1.8547938773269887,False,0.341,0.318,0.0,0.341
813,813,5.207207173537136,False,0.332,0.33,0.0,0.338
814,814,14.8428438175351,False,0.312,0.363,0.0,0.325
815,815,0.507526244561944,False,0.308,0.358,0.0,0.334
816,816,21.371585759191586,False,0.0,0.0,1.0,0.0
817,817,4.694963497818322,False,0.363,0.304,0.0,0.333
818,818,0.7248671557859524,False,0.315,0.374,0.0,0.311
819,819,1.476031842308542,False,0.323,0.354,0.0,0.323
820,820,9.542515076841184,False,0.319,0.372,0.0,0.309
821,821,12.340208108163388,False,0.33,0.331,0.0,0.339
822,822,6.542802422000163,False,0.334,0.344,0.0,0.322
823,823,19.8063494901396,False,0.352,0.322,0.0,0.326
824,824,6.5150164543329945,False,0.331,0.324,0.0,0.345
825,825,10.190246827816289,False,0.34,0.334,0.0,0.326
826,826,38.419385150748354,False,0.0,0.0,1.0,0.0
827,827,45.71217912073713,False,0.315,0.341,0.0,0.344
828,828,5.453364651654771,False,0.332,0.338,0.0,0.33
829,829,1.2297856060891568,False,0.352,0.325,0.0,0.323
830,830,10.004436331639772,False,0.315,0.349,0.0,0.336
831,831,25.692512764028272,False,0.325,0.316,0.0,0.359
832,832,15.754483993226543,False,0.357,0.339,0.0,0.304
833,833,3.119744032777907,False,0.311,0.34,0.0,0.349
834,834,8.67240433328323,False,0.0,0.0,1.0,0.0
835,835,6.464433010052744,False,0.333,0.338,0.0,0.329
836,836,2.147732569523612,False,0.331,0.355,0.0,0.314
837,837,1.7298570787429774,False,0.369,0.303,0.0,0.328
838,838,2.050879340795283,False,0.344,0.345,0.0,0.311
839,839,2.565587602298161,False,0.348,0.334,0.0,0.318
840,840,9.428316483836053,False,0.341,0.311,0.0,0.348
841,841,1.120133810571451,False,0.34,0.334,0.0,0.326
842,842,10.692641524890249,False,0.331,0.323,0.0,0.346
843,843,4.79881513451242,False,0.343,0.339,0.0,0.318
844,844,68.69136416836822,False,0.339,0.33,0.0,0.331
845,845,0.5131503634386081,False,0.337,0.348,0.0,0.315
846,846,0.3067827413492333,False,0.349,0.326,0.0,0.325
847,847,11.250086515424789,False,0.33,0.332,0.0,0.338
848,848,0.059947122616012,False,0.331,0.339,0.0,0.33
849,849,5.063589481635732,False,0.349,0.312,0.0,0.339
850,850,32.90907870330513,False,0.0,0.0,1.0,0.0
851,851,60.89346684395075,False,0.0,0.0,1.0,0.0
852,852,12.838628350043944,False,0.0,0.0,1.0,0.0
853,853,18.69351971127346,False,0.327,0.323,0.0,0.35
854,854,0.2646414987791723,False,0.327,0.324,0.0,0.349
855,855,10.297302524829524,False,0.344,0.324,0.0,0.332
856,856,13.632530374455872,False,0.343,0.32,0.0,0.337
857,857,3.4202933714913915,False,0.332,0.337,0.0,0.331
858,858,2.205572827913084,False,0.312,0.35,0.0,0.338
859,859,2.4841305366497592,False,0.341,0.338,0.0,0.321
860,860,0.2902798366297953,False,0.355,0.334,0.0,0.311
861,861,8.314722550866941,False,0.341,0.353,0.0,0.306
862,862,4.729666095731681,False,0.329,0.335,0.0,0.336
863,863,14.87026822761588,False,0.0,0.0,1.0,0.0
864,864,4.850002880851632,False,0.323,0.324,0.0,0.353
865,865,3.206151311618676,False,0.345,0.315,0.0,0.34
866,866,5.719289451420579,False,0.324,0.341,0.0,0.335
867,867,4.693131790443817,False,0.306,0.348,0.0,0.346
868,868,18.357305586111664,False,0.33,0.34,0.0,0.33
869,869,5.7588059053183,False,0.337,0.326,0.0,0.337
870,870,0.357801830719142,False,0.318,0.356,0.0,0.326
871,871,2.2765042892388188,False,0.341,0.336,0.0,0.323
872,872,34.72343391533059,False,0.312,0.346,0.0,0.342
873,873,0.3624589889996533,False,0.312,0.327,0.0,0.361
874,874,2.42493258901088,False,0.351,0.343,0.0,0.306
875,875,9.248633939047568,False,0.338,0.321,0.0,0.341
876,876,12.12748695005862,False,0.341,0.336,0.0,0.323
877,877,4.84737653080504,False,0.358,0.33,0.0,0.312
878,878,24.460571312393064,False,0.328,0.35,0.0,0.322
879,879,46.57788178310466,False,0.323,0.336,0.0,0.341
880,880,0.5591767564471265,False,0.324,0.315,0.0,0.361
881,881,0.1503520131509234,False,0.352,0.32,0.0,0.328
882,882,2.54796859085315,False,0.353,0.312,0.0,0.335
883,883,2.029367006137261,False,0.329,0.316,0.0,0.355
884,884,14.14709550286274,False,0.0,0.0,1.0,0.0
885,885,6.349978458789142,False,0.346,0.312,0.0,0.342
886,886,0.0472038745239248,False,0.309,0.354,0.0,0.337
887,887,0.5995390038395576,False,0.354,0.32,0.0,0.326
888,888,5.156705814243048,False,0.328,0.345,0.0,0.327
889,889,56.98627558956549,False,0.0,0.0,1.0,0.0
890,890,7.100310729986689,False,0.338,0.337,0.0,0.325
891,891,46.38729766800207,False,0.335,0.341,0.0,0.324
892,892,3.762545081179705,False,0.306,0.36,0.0,0.334
893,893,6.1892796074670375,False,0.351,0.327,0.0,0.322
894,894,7.281361707117949,False,0.346,0.339,0.0,0.315
895,895,12.59524478262956,False,0.332,0.311,0.0,0.357
896,896,50.762857947514526,False,0.32,0.346,0.0,0.334
897,897,18.777004312709145,False,0.343,0.331,0.0,0.326
898,898,0.0736519562756137,False,0.319,0.33,0.0,0.351
899,899,3.0461907968707305,False,0.34,0.326,0.0,0.334
900,900,6.88007554355008,False,0.337,0.321,0.0,0.342
901,901,4.575100483503224,False,0.33,0.322,0.0,0.348
902,902,2.990780412993144,False,0.328,0.357,0.0,0.315
903,903,0.1332277328757607,False,0.0,0.0,1.0,0.0
904,904,1.9096241587846337,False,0.313,0.33,0.0,0.357
905,905,9.594466735690371,False,0.333,0.348,0.0,0.319
906,906,0.0519723562748491,False,0.311,0.35,0.0,0.339
907,907,2.3234073502518124,False,0.318,0.33,0.0,0.352
908,908,5.515627858318431,False,0.331,0.34,0.0,0.329
909,909,0.1399986715187822,False,0.323,0.348,0.0,0.329
910,910,11.541147357287326,False,0.0,0.0,1.0,0.0
911,911,0.154521505031264,False,0.357,0.307,0.0,0.336
912,912,4.950230206753071,False,0.34,0.333,0.0,0.327
913,913,6.368811079091967,False,0.31,0.352,0.0,0.338
914,914,9.111514439359482,False,0.34,0.327,0.0,0.333
915,915,16.771931467199533,False,0.352,0.331,0.0,0.317
916,916,8.682001203509298,False,0.329,0.331,0.0,0.34
917,917,0.7363252833362816,False,0.323,0.326,0.0,0.351
918,918,0.0095339349658638,False,0.34,0.347,0.0,0.313
919,919,7.700476925288867,False,0.332,0.332,0.0,0.336
920,920,0.6961452035062832,False,0.327,0.334,0.0,0.339
921,921,1.514934139221114,False,0.342,0.347,0.0,0.311
922,922,1.0506918557236922,False,0.332,0.352,0.0,0.316
923,923,0.9929194805554594,False,0.352,0.324,0.0,0.324
924,924,1.37009934803447,False,0.334,0.361,0.0,0.305
925,925,0.1410898384378743,False,0.323,0.342,0.0,0.335
926,926,12.479293063386809,False,0.347,0.336,0.0,0.317
927,927,6.946505372866585,False,0.329,0.367,0.0,0.304
928,928,0.6120910973475316,False,0.295,0.346,0.0,0.359
929,929,1.8217407456073285,False,0.344,0.325,0.0,0.331
930,930,4.558930404804506,False,0.359,0.319,0.0,0.322
931,931,44.18862259024354,False,0.342,0.337,0.0,0.321
932,932,3.937999759487452,False,0.341,0.336,0.0,0.323
933,933,4.183141476583802,False,0.337,0.317,0.0,0.346
934,934,2.100412393477224,False,0.335,0.336,0.0,0.329
935,935,5.319156597581045,False,0.34,0.353,0.0,0.307
936,936,18.856815530485218,False,0.344,0.321,0.0,0.335
937,937,11.1942853168995,False,0.327,0.345,0.0,0.328
938,938,0.152502345428132,False,0.329,0.35,0.0,0.321
939,939,21.898189740616708,False,0.303,0.331,0.0,0.366
940,940,7.922187142775187,False,0.356,0.332,0.0,0.312
941,941,6.177553433619822,False,0.344,0.341,0.0,0.315
942,942,2.967066141885085,False,0.346,0.33,0.0,0.324
943,943,17.331253200993807,False,0.0,0.0,1.0,0.0
944,944,16.80970609786626,False,0.328,0.335,0.0,0.337
945,945,15.272238250108073,False,0.35,0.32,0.0,0.33
946,946,0.2121089138739512,False,0.336,0.346,0.0,0.318
947,947,0.1396308208105365,False,0.311,0.342,0.0,0.347
948,948,3.689396579152585,False,0.0,0.0,1.0,0.0
949,949,10.9648803243173,False,0.313,0.349,0.0,0.338
950,950,61.55939280783328,False,0.35,0.325,0.0,0.325
951,951,5.058984863677512,False,0.347,0.336,0.0,0.317
952,952,16.96208127374067,False,0.329,0.325,0.0,0.346
953,953,14.43363023726692,False,0.341,0.316,0.0,0.343
954,954,0.8831474050475595,False,0.351,0.32,0.0,0.329
955,955,6.541699257250958,False,0.32,0.337,0.0,0.343
956,956,0.226018880522948,False,0.32,0.328,0.0,0.352
957,957,5.664253609896357,False,0.345,0.339,0.0,0.316
958,958,18.66859710646896,False,0.384,0.298,0.0,0.318
959,959,42.36792989247749,False,0.342,0.336,0.0,0.322
960,960,8.177939752991872,False,0.33,0.328,0.0,0.342
961,961,7.309634554191463,False,0.0,0.0,1.0,0.0
962,962,9.449619922638394,False,0.324,0.354,0.0,0.322
963,963,1.6926802536576724,False,0.302,0.373,0.0,0.325
964,964,2.8377463949072457,False,0.322,0.327,0.0,0.351
965,965,0.4205449090539662,False,0.335,0.322,0.0,0.343
966,966,14.959588827722206,False,0.351,0.35,0.0,0.299
967,967,11.993082427238008,False,0.316,0.328,0.0,0.356
968,968,11.078134174025566,False,0.348,0.319,0.0,0.333
969,969,0.6114251614497457,False,0.342,0.341,0.0,0.317
970,970,1.6666733804169451,False,0.311,0.34,0.0,0.349
971,971,24.0731795046392,False,0.332,0.333,0.0,0.335
972,972,0.0836138031900923,False,0.345,0.298,0.0,0.357
973,973,13.775675481288909,False,0.335,0.347,0.0,0.318
974,974,0.3485658376815542,False,0.346,0.329,0.0,0.325
975,975,0.2874790526666381,False,0.34,0.345,0.0,0.315
976,976,0.7335665173703824,False,0.345,0.341,0.0,0.314
977,977,2.267386480692178,False,0.356,0.345,0.0,0.299
978,978,0.179309508377908,False,0.341,0.32,0.0,0.339
979,979,3.6705353541470704,False,0.333,0.322,0.0,0.345
980,980,6.725387985898759,False,0.0,0.0,1.0,0.0
981,981,0.237074745953652,False,0.352,0.321,0.0,0.327
982,982,13.58003932430631,False,0.333,0.353,0.0,0.314
983,983,3.771394808407501,False,0.34,0.32,0.0,0.34
984,984,0.000108263847875,False,0.333,0.33,0.0,0.337
985,985,9.488368974722633,False,0.325,0.343,0.0,0.332
986,986,90.10296939356996,False,0.0,0.0,1.0,0.0
987,987,15.310705382123473,False,0.0,0.0,1.0,0.0
988,988,8.339084212634338,False,0.0,0.0,1.0,0.0
989,989,14.46339604362582,False,0.327,0.34,0.0,0.333
990,990,4.70447923189985,False,0.328,0.337,0.0,0.335
991,991,0.3436310955980724,False,0.325,0.34,0.0,0.335
992,992,0.0718861281110693,False,0.301,0.329,0.0,0.37
993,993,11.269070562364025,False,0.331,0.348,0.0,0.321
994,994,11.07955105356093,False,0.323,0.338,0.0,0.339
995,995,0.4508374604671479,False,0.333,0.341,0.0,0.326
996,996,1.835597806490272,False,0.315,0.333,0.0,0.352
997,997,13.11747992412537,False,0.0,0.0,1.0,0.0
998,998,11.201690653608289,False,0.342,0.309,0.0,0.349
999,999,18.139795501042293,False,0.0,0.0,1.0,0.0
1000,1000,20.729462857010244,True,0.326,0.339,0.0,0.335
1001,1001,20.729462857010244,True,0.0,0.0,1.0,0.0
1002,1002,20.729462857010244,True,0.0,0.0,1.0,0.0
1003,1003,20.729462857010244,True,0.0,0.0,1.0,0.0
1004,1004,20.729462857010244,True,0.0,0.0,1.0,0.0
1005,1005,20.729462857010244,True,0.335,0.357,0.0,0.308
1006,1006,20.729462857010244,True,0.313,0.379,0.0,0.308
1007,1007,20.729462857010244,True,0.326,0.369,0.0,0.305
1008,1008,20.729462857010244,True,0.0,0.0,1.0,0.0
1009,1009,20.729462857010244,True,0.336,0.318,0.0,0.346
1010,1010,20.729462857010244,True,0.0,0.0,1.0,0.0
1011,1011,20.729462857010244,True,0.0,0.0,1.0,0.0
1012,1012,20.729462857010244,True,0.358,0.321,0.0,0.321
1013,1013,20.729462857010244,True,0.0,0.0,1.0,0.0
1014,1014,20.729462857010244,True,0.0,0.0,1.0,0.0
1015,1015,20.729462857010244,True,0.345,0.327,0.0,0.328
1016,1016,20.729462857010244,True,0.34,0.306,0.0,0.354
1017,1017,20.729462857010244,True,0.0,0.0,1.0,0.0
1018,1018,20.729462857010244,True,0.0,0.0,1.0,0.0
1019,1019,20.729462857010244,True,0.0,0.0,1.0,0.0
1020,1020,20.729462857010244,True,0.0,0.0,1.0,0.0
1021,1021,20.729462857010244,True,0.0,0.0,1.0,0.0
1022,1022,20.729462857010244,True,0.332,0.348,0.0,0.32
1023,1023,20.729462857010244,True,0.323,0.341,0.0,0.336
1024,1024,20.729462857010244,True,0.311,0.352,0.0,0.337
1025,1025,20.729462857010244,True,0.345,0.315,0.0,0.34
1026,1026,20.729462857010244,True,0.0,0.0,1.0,0.0
1027,1027,20.729462857010244,True,0.0,0.0,1.0,0.0
1028,1028,20.729462857010244,True,0.0,0.0,1.0,0.0
1029,1029,20.729462857010244,True,0.338,0.351,0.0,0.311
1030,1030,20.729462857010244,True,0.339,0.346,0.0,0.315
1031,1031,20.729462857010244,True,0.311,0.35,0.0,0.339
1032,1032,20.729462857010244,True,0.362,0.312,0.0,0.326
1033,1033,20.729462857010244,True,0.0,0.0,1.0,0.0
1034,1034,20.729462857010244,True,0.281,0.362,0.0,0.357
1035,1035,20.729462857010244,True,0.315,0.328,0.0,0.357
1036,1036,20.729462857010244,True,0.325,0.331,0.0,0.344
1037,1037,20.729462857010244,True,0.0,0.0,1.0,0.0
1038,1038,20.729462857010244,True,0.351,0.344,0.0,0.305
1039,1039,20.729462857010244,True,0.353,0.32,0.0,0.327
1040,1040,20.729462857010244,True,0.0,0.0,1.0,0.0
1041,1041,20.729462857010244,True,0.337,0.331,0.0,0.332
1042,1042,20.729462857010244,True,0.338,0.328,0.0,0.334
1043,1043,20.729462857010244,True,0.34,0.332,0.0,0.328
1044,1044,20.729462857010244,True,0.323,0.362,0.0,0.315
1045,1045,20.729462857010244,True,0.336,0.313,0.0,0.351
1046,1046,20.729462857010244,True,0.329,0.346,0.0,0.325
1047,1047,20.729462857010244,True,0.362,0.326,0.0,0.312
1048,1048,20.729462857010244,True,0.0,0.0,1.0,0.0
1049,1049,20.729462857010244,True,0.0,0.0,1.0,0.0
1050,1050,20.729462857010244,True,0.0,0.0,1.0,0.0
1051,1051,20.729462857010244,True,0.334,0.339,0.0,0.327
1052,1052,20.729462857010244,True,0.343,0.325,0.0,0.332
1053,1053,20.729462857010244,True,0.319,0.336,0.0,0.345
1054,1054,20.729462857010244,True,0.322,0.319,0.0,0.359
1055,1055,20.729462857010244,True,0.355,0.334,0.0,0.311
1056,1056,20.729462857010244,True,0.318,0.318,0.0,0.364
1057,1057,20.729462857010244,True,0.344,0.304,0.0,0.352
1058,1058,20.729462857010244,True,0.0,0.0,1.0,0.0
1059,1059,20.729462857010244,True,0.324,0.356,0.0,0.32
1060,1060,20.729462857010244,True,0.325,0.334,0.0,0.341
1061,1061,20.729462857010244,True,0.344,0.329,0.0,0.327
1062,1062,20.729462857010244,True,0.341,0.325,0.0,0.334
1063,1063,20.729462857010244,True,0.318,0.355,0.0,0.327
1064,1064,20.729462857010244,True,0.343,0.331,0.0,0.326
1065,1065,20.729462857010244,True,0.0,0.0,1.0,0.0
1066,1066,20.729462857010244,True,0.339,0.33,0.0,0.331
1067,1067,20.729462857010244,True,0.33,0.351,0.0,0.319
1068,1068,20.729462857010244,True,0.0,0.0,1.0,0.0
1069,1069,20.729462857010244,True,0.0,0.0,1.0,0.0
1070,1070,20.729462857010244,True,0.299,0.331,0.0,0.37
1071,1071,20.729462857010244,True,0.0,0.0,1.0,0.0
1072,1072,20.729462857010244,True,0.326,0.336,0.0,0.338
1073,1073,20.729462857010244,True,0.322,0.348,0.0,0.33
1074,1074,20.729462857010244,True,0.33,0.337,0.0,0.333
1075,1075,20.729462857010244,True,0.0,0.0,1.0,0.0
1076,1076,20.729462857010244,True,0.334,0.319,0.0,0.347
1077,1077,20.729462857010244,True,0.32,0.317,0.0,0.363
1078,1078,20.729462857010244,True,0.316,0.335,0.0,0.349
1079,1079,20.729462857010244,True,0.339,0.329,0.0,0.332
1080,1080,20.729462857010244,True,0.0,0.0,1.0,0.0
1081,1081,20.729462857010244,True,0.35,0.325,0.0,0.325
1082,1082,20.729462857010244,True,0.304,0.345,0.0,0.351
1083,1083,20.729462857010244,True,0.333,0.338,0.0,0.329
1084,1084,20.729462857010244,True,0.328,0.342,0.0,0.33
1085,1085,20.729462857010244,True,0.0,0.0,1.0,0.0
1086,1086,20.729462857010244,True,0.308,0.371,0.0,0.321
1087,1087,20.729462857010244,True,0.34,0.324,0.0,0.336
1088,1088,20.729462857010244,True,0.353,0.311,0.0,0.336
1089,1089,20.729462857010244,True,0.0,0.0,1.0,0.0
1090,1090,20.729462857010244,True,0.342,0.312,0.0,0.346
1091,1091,20.729462857010244,True,0.0,0.0,1.0,0.0
1092,1092,20.729462857010244,True,0.328,0.332,0.0,0.34
1093,1093,20.729462857010244,True,0.332,0.347,0.0,0.321
1094,1094,20.729462857010244,True,0.0,0.0,1.0,0.0
1095,1095,20.729462857010244,True,0.0,0.0,1.0,0.0
1096,1096,20.729462857010244,True,0.338,0.324,0.0,0.338
1097,1097,20.729462857010244,True,0.344,0.297,0.0,0.359
1098,1098,20.729462857010244,True,0.351,0.334,0.0,0.315
1099,1099,20.729462857010244,True,0.339,0.329,0.0,0.332
1100,1100,20.729462857010244,True,0.345,0.343,0.0,0.312
1101,1101,20.729462857010244,True,0.318,0.324,0.0,0.358
1102,1102,20.729462857010244,True,0.311,0.319,0.0,0.37
1103,1103,20.729462857010244,True,0.298,0.36,0.0,0.342
1104,1104,20.729462857010244,True,0.337,0.351,0.0,0.312
1105,1105,20.729462857010244,True,0.0,0.0,1.0,0.0
1106,1106,20.729462857010244,True,0.334,0.317,0.0,0.349
1107,1107,20.729462857010244,True,0.337,0.318,0.0,0.345
1108,1108,20.729462857010244,True,0.332,0.344,0.0,0.324
1109,1109,20.729462857010244,True,0.322,0.345,0.0,0.333
